[
  {
    "id": "d31d6e85-8149-47bf-aa4a-476c7dda592e",
    "data": [
      {
        "text": "hai",
        "userDefined": false
      }
    ],
    "isTemplate": false,
    "count": 0,
    "lang": "en",
    "updated": 0
  },
  {
    "id": "62f693db-b240-44bd-98a0-0fc543fa52ab",
    "data": [
      {
        "text": "howdy",
        "userDefined": false
      }
    ],
    "isTemplate": false,
    "count": 0,
    "lang": "en",
    "updated": 0
  },
  {
    "id": "fbec5196-13dc-41a3-a9cd-613c92497f03",
    "data": [
      {
        "text": "hey there",
        "userDefined": false
      }
    ],
    "isTemplate": false,
    "count": 0,
    "lang": "en",
    "updated": 0
  },
  {
    "id": "a3c7dec0-6f93-4cd3-86e2-9b45592ce69c",
    "data": [
      {
        "text": "hey",
        "userDefined": false
      }
    ],
    "isTemplate": false,
    "count": 0,
    "lang": "en",
    "updated": 0
  },
  {
    "id": "6119fe95-ff4b-422d-b7c7-8cd4710de942",
    "data": [
      {
        "text": "hi",
        "userDefined": false
      }
    ],
    "isTemplate": false,
    "count": 0,
    "lang": "en",
    "updated": 0
  },
  {
    "id": "5f77536c-ba88-4a44-91c3-db63e625fd1b",
    "data": [
      {
        "text": "hello",
        "userDefined": false
      }
    ],
    "isTemplate": false,
    "count": 0,
    "lang": "en",
    "updated": 0
  },
  {
    "id": "c35731b0-38ed-4654-b875-5d9e9552aa63",
    "data": [
      {
        "text": "broadcast",
        "userDefined": false
      }
    ],
    "isTemplate": false,
    "count": 0,
    "lang": "en",
    "updated": 0
  },
  {
    "id": "d6705cba-9396-4d88-be79-c35877ad781f",
    "data": [
      {
        "text": "flubroadcast",
        "userDefined": false
      }
    ],
    "isTemplate": false,
    "count": 0,
    "lang": "en",
    "updated": 0
  },
  {
    "id": "9b6fc6df-5f76-43b2-a4d0-1fd20c1b335f",
    "data": [
      {
        "text": "John",
        "meta": "@sys.given-name",
        "alias": "fname",
        "userDefined": true
      },
      {
        "text": " ",
        "userDefined": false
      },
      {
        "text": "Wick",
        "meta": "@sys.last-name",
        "alias": "lname",
        "userDefined": true
      }
    ],
    "isTemplate": false,
    "count": 0,
    "lang": "en",
    "updated": 0
  },
  {
    "id": "6176836c-910e-4df6-bc9d-804d91ebbb10",
    "data": [
      {
        "text": "Jason",
        "meta": "@sys.given-name",
        "alias": "fname",
        "userDefined": true
      },
      {
        "text": " ",
        "userDefined": false
      },
      {
        "text": "Joseph",
        "meta": "@sys.last-name",
        "alias": "lname",
        "userDefined": true
      }
    ],
    "isTemplate": false,
    "count": 0,
    "lang": "en",
    "updated": 0
  },
  {
    "id": "6d8f9a93-4606-49de-b8d0-16f65e2da856",
    "data": [
      {
        "text": "Abhishek",
        "meta": "@sys.given-name",
        "alias": "fname",
        "userDefined": true
      },
      {
        "text": " ",
        "userDefined": false
      },
      {
        "text": "Roy",
        "meta": "@sys.last-name",
        "alias": "lname",
        "userDefined": true
      }
    ],
    "isTemplate": false,
    "count": 0,
    "lang": "en",
    "updated": 0
  }
]