[
  {
    "id": "21594bce-a1cb-49e5-bef0-1f4216609634",
    "data": [
      {
        "text": "Monday",
        "meta": "@sys.date",
        "alias": "date",
        "userDefined": true
      },
      {
        "text": " at ",
        "userDefined": false
      },
      {
        "text": "6:30PM",
        "meta": "@sys.time",
        "alias": "time",
        "userDefined": true
      }
    ],
    "isTemplate": false,
    "count": 0,
    "lang": "en",
    "updated": 0
  },
  {
    "id": "c202c0da-5f14-4142-b1f1-e5e22481b347",
    "data": [
      {
        "text": "i do",
        "meta": "@Decision",
        "alias": "cust_callbk",
        "userDefined": true
      }
    ],
    "isTemplate": false,
    "count": 0,
    "lang": "en",
    "updated": 0
  },
  {
    "id": "f5b41cba-5651-46ce-a49b-1f5fe8456804",
    "data": [
      {
        "text": "Monday",
        "meta": "@sys.date",
        "alias": "date",
        "userDefined": true
      },
      {
        "text": " ",
        "userDefined": false
      },
      {
        "text": "6.30PM",
        "meta": "@sys.time",
        "alias": "time",
        "userDefined": true
      }
    ],
    "isTemplate": false,
    "count": 0,
    "lang": "en",
    "updated": 0
  },
  {
    "id": "4a8d741c-808c-45f8-bf90-ab32b99e0060",
    "data": [
      {
        "text": "yes please",
        "meta": "@Decision",
        "alias": "cust_callbk",
        "userDefined": true
      }
    ],
    "isTemplate": false,
    "count": 0,
    "lang": "en",
    "updated": 0
  },
  {
    "id": "68b6cd35-4229-4674-94d6-46615ebab6ba",
    "data": [
      {
        "text": "sure",
        "meta": "@Decision",
        "alias": "cust_callbk",
        "userDefined": true
      }
    ],
    "isTemplate": false,
    "count": 2,
    "lang": "en",
    "updated": 0
  },
  {
    "id": "987b6194-2f92-41bd-9f7b-9d856dc8e2ad",
    "data": [
      {
        "text": "not interested",
        "meta": "@Decision",
        "alias": "cust_callbk",
        "userDefined": true
      },
      {
        "text": " you can disconnect",
        "userDefined": false
      }
    ],
    "isTemplate": false,
    "count": 0,
    "lang": "en",
    "updated": 0
  },
  {
    "id": "cf47a223-bfce-4a12-8775-e93724dee395",
    "data": [
      {
        "text": "1st January",
        "meta": "@sys.date",
        "alias": "date",
        "userDefined": true
      },
      {
        "text": " at ",
        "userDefined": false
      },
      {
        "text": "6.45PM",
        "meta": "@sys.time",
        "alias": "time",
        "userDefined": true
      }
    ],
    "isTemplate": false,
    "count": 0,
    "lang": "en",
    "updated": 0
  },
  {
    "id": "36eac838-4a3d-4eb9-b802-b4a0084c935d",
    "data": [
      {
        "text": "1st December",
        "meta": "@sys.date",
        "alias": "date",
        "userDefined": true
      }
    ],
    "isTemplate": false,
    "count": 0,
    "lang": "en",
    "updated": 0
  },
  {
    "id": "5dcdba98-db8f-4284-8737-ac5205d4610e",
    "data": [
      {
        "text": "2200 hours",
        "meta": "@sys.time",
        "alias": "time",
        "userDefined": true
      }
    ],
    "isTemplate": false,
    "count": 0,
    "lang": "en",
    "updated": 0
  },
  {
    "id": "efd7573a-2a72-47d4-9247-0371bb3a6b7a",
    "data": [
      {
        "text": "1800 hours",
        "meta": "@sys.time",
        "alias": "time",
        "userDefined": true
      }
    ],
    "isTemplate": false,
    "count": 0,
    "lang": "en",
    "updated": 0
  },
  {
    "id": "73287b64-81b8-4fdf-85bb-0ac89c38f223",
    "data": [
      {
        "text": "January 1st 2021",
        "meta": "@sys.date",
        "alias": "date",
        "userDefined": true
      }
    ],
    "isTemplate": false,
    "count": 0,
    "lang": "en",
    "updated": 0
  },
  {
    "id": "d251e74b-2f59-4d5b-96dd-25af1b379269",
    "data": [
      {
        "text": "11/12/2020",
        "meta": "@sys.date",
        "alias": "date",
        "userDefined": true
      }
    ],
    "isTemplate": false,
    "count": 0,
    "lang": "en",
    "updated": 0
  },
  {
    "id": "17389864-f472-4761-9c7f-fc2f6d4cb430",
    "data": [
      {
        "text": "September 11th 2020",
        "meta": "@sys.date",
        "alias": "date",
        "userDefined": true
      }
    ],
    "isTemplate": false,
    "count": 0,
    "lang": "en",
    "updated": 0
  },
  {
    "id": "71bd0b84-ae53-432f-9443-677b2502b7dc",
    "data": [
      {
        "text": "saturday",
        "meta": "@sys.date",
        "alias": "date",
        "userDefined": true
      },
      {
        "text": " ",
        "userDefined": false
      },
      {
        "text": "10.30AM",
        "meta": "@sys.time",
        "alias": "time",
        "userDefined": true
      }
    ],
    "isTemplate": false,
    "count": 0,
    "lang": "en",
    "updated": 0
  },
  {
    "id": "f2c2fa92-2096-4a65-8ccf-334630e96f3b",
    "data": [
      {
        "text": "tomorrow",
        "meta": "@sys.date",
        "alias": "date",
        "userDefined": true
      },
      {
        "text": " at ",
        "userDefined": false
      },
      {
        "text": "9",
        "meta": "@sys.time",
        "alias": "time",
        "userDefined": true
      }
    ],
    "isTemplate": false,
    "count": 0,
    "lang": "en",
    "updated": 0
  },
  {
    "id": "e1de0e59-7e8c-4f38-bfde-7ab7a27f5ea3",
    "data": [
      {
        "text": "12/11/2020",
        "meta": "@sys.date",
        "alias": "date",
        "userDefined": true
      },
      {
        "text": " at ",
        "userDefined": false
      },
      {
        "text": "6PM",
        "meta": "@sys.time",
        "alias": "time",
        "userDefined": true
      }
    ],
    "isTemplate": false,
    "count": 0,
    "lang": "en",
    "updated": 0
  },
  {
    "id": "41943135-81ed-4c30-a273-bbaf5fbe5f09",
    "data": [
      {
        "text": "11th September",
        "meta": "@sys.date",
        "alias": "date",
        "userDefined": true
      },
      {
        "text": " at ",
        "userDefined": false
      },
      {
        "text": "noon",
        "meta": "@sys.time",
        "alias": "time",
        "userDefined": true
      }
    ],
    "isTemplate": false,
    "count": 0,
    "lang": "en",
    "updated": 0
  },
  {
    "id": "8a76441a-8cbd-4b99-8a1f-bb4c1f18dfdc",
    "data": [
      {
        "text": "yes",
        "meta": "@Decision",
        "alias": "cust_callbk",
        "userDefined": true
      }
    ],
    "isTemplate": false,
    "count": 1,
    "lang": "en",
    "updated": 0
  },
  {
    "id": "0083ef88-2868-43a8-8944-3e098dd55c7a",
    "data": [
      {
        "text": "okay",
        "meta": "@Decision",
        "alias": "cust_callbk",
        "userDefined": true
      },
      {
        "text": " I will",
        "userDefined": false
      }
    ],
    "isTemplate": false,
    "count": 2,
    "lang": "en",
    "updated": 0
  },
  {
    "id": "7aac036a-55e5-468a-9f43-c8dbb456ff73",
    "data": [
      {
        "text": "why not",
        "meta": "@Decision",
        "alias": "cust_callbk",
        "userDefined": true
      }
    ],
    "isTemplate": false,
    "count": 1,
    "lang": "en",
    "updated": 0
  },
  {
    "id": "89d7ed15-c76c-4cae-af40-053b39489a45",
    "data": [
      {
        "text": "yes",
        "meta": "@Decision",
        "alias": "cust_callbk",
        "userDefined": true
      },
      {
        "text": " that\u0027s alright",
        "userDefined": false
      }
    ],
    "isTemplate": false,
    "count": 0,
    "lang": "en",
    "updated": 0
  },
  {
    "id": "f4d597c8-d098-46da-89fe-1a12f425cd58",
    "data": [
      {
        "text": "yes",
        "meta": "@Decision",
        "alias": "cust_callbk",
        "userDefined": true
      },
      {
        "text": " I do",
        "userDefined": false
      }
    ],
    "isTemplate": false,
    "count": 0,
    "lang": "en",
    "updated": 0
  },
  {
    "id": "143c08ba-bb97-40cd-a4de-e7ba7615d210",
    "data": [
      {
        "text": "exactly",
        "userDefined": false
      }
    ],
    "isTemplate": false,
    "count": 1,
    "lang": "en",
    "updated": 0
  },
  {
    "id": "023894ec-fc8b-4ec1-b8c1-a8bcbb24fc5a",
    "data": [
      {
        "text": "of course",
        "meta": "@Decision",
        "alias": "cust_callbk",
        "userDefined": true
      }
    ],
    "isTemplate": false,
    "count": 0,
    "lang": "en",
    "updated": 0
  },
  {
    "id": "9d56f0ca-f4e0-4ea7-9b93-ebebd16edd4c",
    "data": [
      {
        "text": "yep",
        "meta": "@Decision",
        "alias": "cust_callbk",
        "userDefined": true
      },
      {
        "text": " that\u0027s ok",
        "userDefined": false
      }
    ],
    "isTemplate": false,
    "count": 0,
    "lang": "en",
    "updated": 0
  },
  {
    "id": "d0a3f14b-a1e9-4641-a3e0-8fcb8dc32d85",
    "data": [
      {
        "text": "okay",
        "meta": "@Decision",
        "alias": "cust_callbk",
        "userDefined": true
      }
    ],
    "isTemplate": false,
    "count": 1,
    "lang": "en",
    "updated": 0
  },
  {
    "id": "d753b5af-34db-4428-bdba-406fe267000c",
    "data": [
      {
        "text": "ok",
        "userDefined": false
      }
    ],
    "isTemplate": false,
    "count": 1,
    "lang": "en",
    "updated": 0
  },
  {
    "id": "fd691abb-5b22-4393-9b08-aa9d5bc4b4a6",
    "data": [
      {
        "text": "for ",
        "userDefined": false
      },
      {
        "text": "sure",
        "meta": "@Decision",
        "alias": "cust_callbk",
        "userDefined": true
      }
    ],
    "isTemplate": false,
    "count": 0,
    "lang": "en",
    "updated": 0
  },
  {
    "id": "92fc2708-2b6e-41a1-8553-d13ce4e93f34",
    "data": [
      {
        "text": "sg",
        "userDefined": false
      }
    ],
    "isTemplate": false,
    "count": 0,
    "lang": "en",
    "updated": 0
  },
  {
    "id": "4d27c29e-8adf-4c0f-9512-6a68581c25f2",
    "data": [
      {
        "text": "I ",
        "userDefined": false
      },
      {
        "text": "agree",
        "meta": "@Decision",
        "alias": "cust_callbk",
        "userDefined": true
      }
    ],
    "isTemplate": false,
    "count": 2,
    "lang": "en",
    "updated": 0
  },
  {
    "id": "3cc63bfe-e1b0-47a2-b09a-ad8c0a5e53ec",
    "data": [
      {
        "text": "yes you can do it",
        "userDefined": false
      }
    ],
    "isTemplate": false,
    "count": 0,
    "lang": "en",
    "updated": 0
  },
  {
    "id": "e4d39a0a-b1fe-42dc-855f-e2ecf1c7a070",
    "data": [
      {
        "text": "I don\u0027t mind",
        "userDefined": false
      }
    ],
    "isTemplate": false,
    "count": 3,
    "lang": "en",
    "updated": 0
  },
  {
    "id": "b0126bf2-e04d-458f-bf16-d68600a247d8",
    "data": [
      {
        "text": "that one works",
        "userDefined": false
      }
    ],
    "isTemplate": false,
    "count": 0,
    "lang": "en",
    "updated": 0
  },
  {
    "id": "556f1638-b813-4a6d-8a65-6c93ae0b0451",
    "data": [
      {
        "text": "that works",
        "userDefined": false
      }
    ],
    "isTemplate": false,
    "count": 0,
    "lang": "en",
    "updated": 0
  },
  {
    "id": "42ce2151-bbe3-4263-9866-72712a4c25f4",
    "data": [
      {
        "text": "sure",
        "meta": "@Decision",
        "alias": "cust_callbk",
        "userDefined": true
      },
      {
        "text": " why not",
        "userDefined": false
      }
    ],
    "isTemplate": false,
    "count": 0,
    "lang": "en",
    "updated": 0
  },
  {
    "id": "4743b629-c571-4645-bdc2-63269d1c0c66",
    "data": [
      {
        "text": "perfect",
        "userDefined": false
      }
    ],
    "isTemplate": false,
    "count": 0,
    "lang": "en",
    "updated": 0
  },
  {
    "id": "13381537-1e8f-46e1-ac78-6a6bc2fe7d37",
    "data": [
      {
        "text": "yep that\u0027s right",
        "userDefined": false
      }
    ],
    "isTemplate": false,
    "count": 1,
    "lang": "en",
    "updated": 0
  },
  {
    "id": "6d341828-72cd-4f96-89eb-bc5cbcd255dd",
    "data": [
      {
        "text": "I think so",
        "meta": "@Decision",
        "alias": "cust_callbk",
        "userDefined": true
      }
    ],
    "isTemplate": false,
    "count": 0,
    "lang": "en",
    "updated": 0
  },
  {
    "id": "4320d555-a38f-492d-b1fc-6d16fdc54e79",
    "data": [
      {
        "text": "yes I agree",
        "userDefined": false
      }
    ],
    "isTemplate": false,
    "count": 2,
    "lang": "en",
    "updated": 0
  },
  {
    "id": "eba08d9b-f87d-4232-8874-be4da3029007",
    "data": [
      {
        "text": "sounds correct",
        "userDefined": false
      }
    ],
    "isTemplate": false,
    "count": 1,
    "lang": "en",
    "updated": 0
  },
  {
    "id": "ee5b2ffc-9c14-4a20-9e00-31cb8635c52c",
    "data": [
      {
        "text": "sounds good",
        "meta": "@Decision",
        "alias": "cust_callbk",
        "userDefined": true
      }
    ],
    "isTemplate": false,
    "count": 0,
    "lang": "en",
    "updated": 0
  },
  {
    "id": "e1f1d448-2705-47b8-92f5-4960656f346b",
    "data": [
      {
        "text": "that\u0027s correct",
        "userDefined": false
      }
    ],
    "isTemplate": false,
    "count": 0,
    "lang": "en",
    "updated": 0
  },
  {
    "id": "50cf224f-9f07-4975-bf7b-441ab549ff6e",
    "data": [
      {
        "text": "go ahead",
        "meta": "@Decision",
        "alias": "cust_callbk",
        "userDefined": true
      }
    ],
    "isTemplate": false,
    "count": 1,
    "lang": "en",
    "updated": 0
  },
  {
    "id": "1296a391-d3e6-49c8-9eaa-39943cf8544f",
    "data": [
      {
        "text": "do it",
        "meta": "@Decision",
        "alias": "cust_callbk",
        "userDefined": true
      }
    ],
    "isTemplate": false,
    "count": 1,
    "lang": "en",
    "updated": 0
  },
  {
    "id": "55cd75db-90a7-4daf-947b-ecd03090e8b9",
    "data": [
      {
        "text": "it\u0027s ",
        "userDefined": false
      },
      {
        "text": "fine",
        "meta": "@Decision",
        "alias": "cust_callbk",
        "userDefined": true
      }
    ],
    "isTemplate": false,
    "count": 0,
    "lang": "en",
    "updated": 0
  },
  {
    "id": "1fe10ef0-0823-4efa-b4ef-730bc1f931b3",
    "data": [
      {
        "text": "yeah",
        "meta": "@Decision",
        "alias": "cust_callbk",
        "userDefined": true
      }
    ],
    "isTemplate": false,
    "count": 1,
    "lang": "en",
    "updated": 0
  },
  {
    "id": "a05b793f-9a1d-460d-b1b6-c1a5b98d24d9",
    "data": [
      {
        "text": "it\u0027s okay",
        "userDefined": false
      }
    ],
    "isTemplate": false,
    "count": 0,
    "lang": "en",
    "updated": 0
  },
  {
    "id": "88a721b8-99ce-4a51-bf78-f106361f402a",
    "data": [
      {
        "text": "alright why not",
        "userDefined": false
      }
    ],
    "isTemplate": false,
    "count": 0,
    "lang": "en",
    "updated": 0
  },
  {
    "id": "df7428d3-7f27-40c7-b0d0-3456d0c8df91",
    "data": [
      {
        "text": "alright",
        "meta": "@Decision",
        "alias": "cust_callbk",
        "userDefined": true
      }
    ],
    "isTemplate": false,
    "count": 0,
    "lang": "en",
    "updated": 0
  },
  {
    "id": "8f9f71af-76ec-424f-b28a-ece5b6f1dc95",
    "data": [
      {
        "text": "right",
        "userDefined": false
      }
    ],
    "isTemplate": false,
    "count": 0,
    "lang": "en",
    "updated": 0
  },
  {
    "id": "96b0889c-e64c-4ba3-83d3-495a0385917a",
    "data": [
      {
        "text": "it looks perfect",
        "userDefined": false
      }
    ],
    "isTemplate": false,
    "count": 0,
    "lang": "en",
    "updated": 0
  },
  {
    "id": "5a7c1865-6c90-4c93-8ea5-b7cacad6dcef",
    "data": [
      {
        "text": "yes I can",
        "userDefined": false
      }
    ],
    "isTemplate": false,
    "count": 0,
    "lang": "en",
    "updated": 0
  },
  {
    "id": "ab7709c6-2eca-4ecf-812d-1e4527f1e709",
    "data": [
      {
        "text": "yup",
        "meta": "@Decision",
        "alias": "cust_callbk",
        "userDefined": true
      }
    ],
    "isTemplate": false,
    "count": 0,
    "lang": "en",
    "updated": 0
  },
  {
    "id": "3312fe28-dfeb-4fa6-98f6-9569c6cb393f",
    "data": [
      {
        "text": "yep",
        "userDefined": false
      }
    ],
    "isTemplate": false,
    "count": 0,
    "lang": "en",
    "updated": 0
  },
  {
    "id": "e826ff4d-875d-4073-89c5-1dba1203e3ce",
    "data": [
      {
        "text": "confirm",
        "userDefined": false
      }
    ],
    "isTemplate": false,
    "count": 1,
    "lang": "en",
    "updated": 0
  },
  {
    "id": "29adab5b-d5e3-450b-b385-1538d0ad21da",
    "data": [
      {
        "text": "absolutely",
        "meta": "@Decision",
        "alias": "cust_callbk",
        "userDefined": true
      }
    ],
    "isTemplate": false,
    "count": 1,
    "lang": "en",
    "updated": 0
  }
]